[
    {
        "firstName": "Lamar",
        "lastName": "Alexander",
        "street": "455 Dirksen Senate Office Building",
        "city": "Washington DC",
        "state": "TN",
        "zip": "20510",
        "phone": "202-224-4944",
        "website": "https://www.alexander.senate.gov/public",
        "email": "",
        "contact": "http://www.alexander.senate.gov/public/index.cfm?p=Email"
    },
    {
        "firstName": "Susan",
        "lastName": "Collins",
        "street": "413 Dirksen Senate Office Building",
        "city": "Washington DC",
        "state": "ME",
        "zip": "20510",
        "phone": "202-224-2523",
        "website": "https://www.collins.senate.gov",
        "email": "",
        "contact": "http://www.collins.senate.gov/contact"
    },
    {
        "firstName": "John",
        "lastName": "Cornyn",
        "street": "517 Hart Senate Office Building",
        "city": "Washington DC",
        "state": "TX",
        "zip": "20510",
        "phone": "202-224-2934",
        "website": "https://www.cornyn.senate.gov",
        "email": "",
        "contact": "https://www.cornyn.senate.gov/contact"
    },
    {
        "firstName": "Richard",
        "lastName": "Durbin",
        "street": "711 Hart Senate Office Building",
        "city": "Washington DC",
        "state": "IL",
        "zip": "20510",
        "phone": "202-224-2152",
        "website": "https://www.durbin.senate.gov",
        "email": "",
        "contact": "https://www.durbin.senate.gov/contact/"
    },
    {
        "firstName": "Michael",
        "lastName": "Enzi",
        "street": "379A Russell Senate Office Building",
        "city": "Washington DC",
        "state": "WY",
        "zip": "20510",
        "phone": "202-224-3424",
        "website": "https://www.enzi.senate.gov",
        "email": "",
        "contact": "http://www.enzi.senate.gov/public/index.cfm/contact?p=e-mail-senator-enzi"
    }
]